WT_Time,WT_Int,WT_CF_Time,WT_CF_Int,Fx_Time,Fx_Int,Fx_CF_Time,Fx_CF_Int,L76P_Time,L76P_Int,L76P_CF_Time,L76P_CF_Int,F313L_Time,F313L_Int,F313L_CF_Time,F313L_CF_Int
-4.999249965,0,0,-0.09,-5.000145897,0,0,-0.0479,-5.25,0,0,-0.0257,-5.0001,0,0,-0.0444
-4.500062465,-0.003349041,0.2295,-0.0759,-4.500916719,-0.010905806,0.1949,-0.026,-5,-0.014,0.1742,-0.0105,-4.7484,-1.15E-02,0.1899,-0.0309
-3.998375058,0.001812105,0.4591,-0.062,-4.000916719,-0.00521079,0.3897,-4.58E-03,-4.75,-0.0148,0.3485,4.49E-03,-4.5,-1.55E-02,0.3797,-0.0176
-3.499208331,-0.000343892,0.6886,-0.0482,-3.500854254,-0.00128658,0.5846,0.0164,-4.5,-6.21E-03,0.5227,0.0192,-4.25,-2.94E-02,0.5696,-4.49E-03
-2.997541666,-0.000517259,0.9182,-0.0345,-3,-0.01507725,0.7795,0.037,-4.25,-0.0298,0.697,0.0338,-4,-2.03E-02,0.7595,8.48E-03
-2.500041485,-0.001272655,1.1477,-0.0211,-2.5,-0.001646485,0.9743,0.0571,-4,-0.0437,0.8712,0.0481,-3.75,-1.85E-02,0.9493,0.0213
-1.99920845,-0.002027982,1.3772,-7.80E-03,-2.000854254,-0.025255815,1.1692,0.0768,-3.75,-0.0402,1.0454,0.0622,-3.4992,-1.27E-02,1.1392,0.0339
-1.49920845,-0.002081448,1.6068,5.33E-03,-1.500854254,-0.008191857,1.3641,0.0961,-3.5,-0.0124,1.2197,0.0761,-3.25,-1.09E-02,1.3291,0.0464
-0.999166488,-0.005475634,1.8363,0.0183,-1,0.006450374,1.5589,0.115,-3.25,-0.019,1.3939,0.0897,-3.0009,-0.013,1.5189,5.87E-02
-0.497500419,-0.000949082,2.0659,0.0311,-0.500833511,-0.017396348,1.7538,0.1334,-3,-3.10E-03,1.5682,0.1032,-2.75,-2.15E-02,1.7088,0.0709
0,0.001425288,2.2954,0.0438,0,-0.019972119,1.9487,0.1515,-2.75,-0.0178,1.7424,0.1164,-2.5009,-1.06E-02,1.8986,0.0829
2.958416462,0.046986085,2.5249,0.0563,2.082479,0.099319735,2.1435,0.1692,-2.5,-0.014,1.9166,0.1295,-2.25,-0.0189,2.0885,0.0947
3.263416767,0.079690238,2.7545,0.0686,2.387478829,0.166559519,2.3384,0.1866,-2.25,-9.48E-03,2.0909,0.1423,-1.9984,0.0112,2.2784,0.1064
3.760917187,0.115455157,2.984,0.0808,2.887499809,0.240780898,2.5333,0.2035,-2,-0.0102,2.2651,0.155,-1.7492,-0.0134,2.4682,0.118
4.263416767,0.147098996,3.2136,0.0928,3.387499333,0.2986513,2.7281,0.2201,-1.75,-0.0326,2.4394,0.1675,-1.4975,-0.0154,2.6581,0.1294
4.762583256,0.168343568,3.4431,0.1047,3.88664484,0.3296905,2.923,0.2364,-1.5,-0.0309,2.6136,0.1797,-1.25,-0.0268,2.848,0.1406
5.261749747,0.191848989,3.6727,0.1165,4.38664484,0.362212299,3.1179,0.2523,-1.25,-1.55E-04,2.7878,0.1918,-1.0009,-0.0182,3.0378,0.1517
5.760917187,0.211968615,3.9022,0.1281,4.887499333,0.400905908,3.3127,0.2679,-1,-0.0177,2.9621,0.2037,-0.7492,-0.0227,3.2277,0.1627
6.261749747,0.230323917,4.1317,0.1396,5.387499337,0.434721117,3.5076,0.2831,-0.75,-0.0432,3.1363,0.2155,-0.5,-6.42E-03,3.4176,0.1735
6.761770727,0.256510221,4.3613,0.1509,5.886833667,0.455779177,3.7025,0.2981,-0.5,-0.0153,3.3106,0.227,-0.2492,-6.43E-03,3.6074,0.1842
7.263416767,0.278471078,4.5908,0.1621,6.386833667,0.479768496,3.8973,0.3127,-0.25,-6.66E-03,3.4848,0.2384,0,-0.0202,3.7973,0.1948
7.761749747,0.2975048,4.8204,0.1732,6.886833667,0.489790205,4.0922,0.327,0,-0.0232,3.659,0.2496,1.0858,-0.0224,3.9872,0.2052
8.264249327,0.317039554,5.0499,0.1841,7.387666227,0.524083814,4.2871,0.341,1.0526,0.0138,3.8333,0.2606,1.3017,0.0194,4.177,0.2155
8.762583257,0.336115648,5.2794,0.1949,7.887666227,0.553419088,4.4819,0.3547,1.3026,0.0366,4.0075,0.2715,1.5525,0.0401,4.3669,0.2257
9.261749747,0.358313325,5.509,0.2055,8.387666227,0.577506216,4.6768,0.3681,1.5526,0.0534,4.1818,0.2822,1.8017,0.0495,4.5567,0.2357
9.761749747,0.373908757,5.7385,0.216,8.886833667,0.585612715,4.8717,0.3813,1.8026,0.0839,4.356,0.2927,2.0525,0.0825,4.7466,0.2456
10.26093722,0.391510049,5.9681,0.2264,9.386833667,0.605371944,5.0665,0.3941,2.0526,0.093,4.5302,0.3031,2.3017,0.0948,4.9365,0.2553
10.76093722,0.412742139,6.1976,0.2367,9.886000157,0.640277512,5.2614,0.4067,2.3026,0.1394,4.7045,0.3133,2.5525,0.1251,5.1263,0.265
11.26424933,0.432066772,6.4271,0.2469,10.38766623,0.635949815,5.4563,0.4191,2.5526,0.151,4.8787,0.3234,2.8033,0.1362,5.3162,0.2745
11.76176977,0.445824302,6.6567,0.2569,10.88700056,0.665483921,5.6511,0.4311,2.8026,0.1784,5.053,0.3333,3.0542,0.1513,5.5061,0.2839
12.2617507,0.455934114,6.8862,0.2668,11.38616705,0.688216584,5.846,0.4429,3.0526,0.1852,5.2272,0.343,3.3033,0.1756,5.6959,0.2932
12.76093817,0.476669264,7.1158,0.2765,11.88785315,0.6905401,6.0409,0.4545,3.3026,0.255,5.4014,0.3526,3.5525,0.1836,5.8858,0.3024
13.26093817,0.487463323,7.3453,0.2862,12.38785315,0.709372655,6.2357,0.4658,3.5526,0.2698,5.5757,0.3621,3.8033,0.2187,6.0757,0.3114
13.76260519,0.508307971,7.5748,0.2957,12.88702154,0.733037014,6.4306,0.4769,3.8026,0.2582,5.7499,0.3714,4.0525,0.206,6.2655,0.3203
14.26093817,0.520153606,7.8044,0.3052,13.38702154,0.730400388,6.6255,0.4878,4.0526,0.3002,5.9242,0.3806,4.3033,0.2161,6.4554,0.3292
14.76260519,0.535833295,8.0339,0.3145,13.88702154,0.763327282,6.8204,0.4984,4.3026,0.2724,6.0984,0.3896,4.5525,0.2288,6.6453,0.3379
15.26427031,0.555747863,8.2635,0.3237,14.38622809,0.779865441,7.0152,0.5088,4.5526,0.2972,6.2726,0.3985,4.8017,0.259,6.8351,0.3465
15.76176977,0.568474551,8.493,0.3328,14.88622809,0.783075867,7.2101,0.5189,4.8026,0.3163,6.4469,0.4073,5.055,0.2754,7.025,0.3549
16.26176977,0.583108557,8.7225,0.3417,15.3870616,0.80315905,7.405,0.5289,5.0526,0.3548,6.6211,0.4159,5.3025,0.3032,7.2149,0.3633
16.76093817,0.594769105,8.9521,0.3506,15.8870616,0.796958923,7.5998,0.5387,5.3026,0.3768,6.7954,0.4244,5.5517,0.324,7.4047,0.3716
17.26260519,0.613925225,9.1816,0.3593,16.38622809,0.815099583,7.7947,0.5482,5.5526,0.3587,6.9696,0.4328,5.8025,0.3121,7.5946,0.3797
17.76176977,0.613453111,9.4112,0.368,16.8870616,0.830414628,7.9896,0.5575,5.8026,0.4149,7.1438,0.441,6.0517,0.2951,7.7844,0.3878
18.26176977,0.62876755,9.6407,0.3765,17.38708258,0.819481106,8.1844,0.5667,6.0526,0.3999,7.3181,0.4491,6.3025,0.3457,7.9743,0.3958
18.76093817,0.641496735,9.8703,0.385,17.88625098,0.849986072,8.3793,0.5756,6.3026,0.418,7.4923,0.4571,6.5517,0.3679,8.1642,0.4036
19.26179076,0.651252323,10.0998,0.3933,18.38797903,0.852291713,8.5742,0.5844,6.5526,0.4344,7.6666,0.465,6.8025,0.3409,8.354,0.4114
19.76179076,0.660671578,10.3293,0.4015,18.88714552,0.881935478,8.769,0.593,6.8026,0.4602,7.8408,0.4728,7.0517,0.3591,8.5439,0.419
20.26179076,0.673374827,10.5589,0.4097,19.38631201,0.851203764,8.9639,0.6014,7.0526,0.4351,8.015,0.4804,7.3025,0.3856,8.7338,0.4266
20.76179076,0.686062265,10.7884,0.4177,19.88797903,0.882342982,9.1588,0.6096,7.3026,0.4687,8.1893,0.4879,7.5517,0.3826,8.9236,0.434
21.26095915,0.693200977,11.018,0.4256,20.38714552,0.894810318,9.3536,0.6177,7.5526,0.4409,8.3635,0.4953,7.8025,0.4212,9.1135,0.4414
21.76262427,0.702283345,11.2475,0.4335,20.88797903,0.886000878,9.5485,0.6255,7.8026,0.5104,8.5378,0.5026,8.0517,0.4301,9.3034,0.4487
22.26183272,0.719854194,11.477,0.4412,21.3871665,0.897337486,9.7434,0.6332,8.0526,0.4993,8.712,0.5098,8.3025,0.4536,9.4932,0.4558
22.76183272,0.727999685,11.7066,0.4489,21.88714552,0.894950504,9.9382,0.6408,8.3026,0.525,8.8862,0.5169,8.5517,0.4355,9.6831,0.4629
23.26099921,0.735083059,11.9361,0.4564,22.38797903,0.904072651,10.1331,0.6482,8.5526,0.5512,9.0605,0.5238,8.8025,0.4269,9.873,0.4699
23.76266623,0.746879111,12.1657,0.4639,22.88631201,0.916461659,10.328,0.6554,8.8026,0.5428,9.2347,0.5307,9.0517,0.442,10.0628,0.4768
24.26183272,0.752978035,12.3952,0.4713,23.38714552,0.913470551,10.5228,0.6625,9.0526,0.5469,9.409,0.5374,9.3025,0.4439,10.2527,0.4836
24.76099921,0.764254818,12.6247,0.4786,23.88714552,0.927059176,10.7177,0.6694,9.3026,0.5768,9.5832,0.5441,9.5534,0.4736,10.4425,0.4904
25.26435423,0.770951651,12.8543,0.4857,24.38797903,0.933119318,10.9126,0.6762,9.5526,0.5924,9.7574,0.5507,9.8025,0.4754,10.6324,0.497
25.7618537,0.778978143,13.0838,0.4929,24.8863349,0.940573089,11.1074,0.6829,9.8026,0.6023,9.9317,0.5571,10.0526,0.501,10.8223,0.5036
26.26352072,0.785026999,13.3134,0.4999,25.38714552,0.926954538,11.3023,0.6894,10.0526,0.6003,10.1059,0.5635,10.3017,0.5244,11.0121,0.51
26.76108313,0.788989344,13.5429,0.5068,25.88631201,0.921872085,11.4972,0.6957,10.3026,0.6163,10.2802,0.5697,10.5526,0.4964,11.202,0.5164
27.26277304,0.800741569,13.7724,0.5137,26.38800001,0.935471756,11.692,0.702,10.5526,0.5963,10.4544,0.5759,10.8017,0.5311,11.3919,0.5228
27.76277304,0.813181022,14.002,0.5204,26.88714552,0.935262882,11.8869,0.7081,10.8026,0.6472,10.6286,0.5819,11.0526,0.5182,11.5817,0.529
28.26191855,0.816606483,14.2315,0.5271,27.38798094,0.934209276,12.0818,0.7141,11.0526,0.6256,10.8029,0.5879,11.3017,0.5183,11.7716,0.5351
28.76277304,0.826270395,14.4611,0.5337,27.8871646,0.943906227,12.2766,0.7199,11.3026,0.6368,10.9771,0.5938,11.5526,0.5159,11.9615,0.5412
29.26358557,0.830862271,14.6906,0.5402,28.3871646,0.962545774,12.4715,0.7256,11.5526,0.6494,11.1513,0.5996,11.8017,0.5288,12.1513,0.5472
29.76193762,0.830747433,14.9202,0.5467,28.8871646,0.967217108,12.6664,0.7312,11.8026,0.6361,11.3256,0.6053,12.0526,0.53,12.3412,0.5531
30.26108313,0.840634919,15.1497,0.553,29.3871646,0.949655871,12.8612,0.7367,12.0526,0.6655,11.4998,0.6109,12.3017,0.517,12.5311,0.559
30.76191855,0.851524468,15.3792,0.5593,29.88633299,0.968964014,13.0561,0.7421,12.3026,0.6347,11.6741,0.6165,12.5526,0.5447,12.7209,0.5647
31.26193762,0.852297409,15.6088,0.5655,30.38800001,0.984341318,13.251,0.7473,12.5526,0.6527,11.8483,0.6219,12.8017,0.5476,12.9108,0.5704
31.76441717,0.860664255,15.8383,0.5717,30.8871646,0.971058171,13.4458,0.7525,12.8026,0.6643,12.0225,0.6273,13.0542,0.5633,13.1007,0.576
32.26275015,0.87677438,16.0679,0.5777,31.3871646,0.966376995,13.6407,0.7575,13.0526,0.6934,12.1968,0.6326,13.3051,0.5743,13.2905,0.5816
32.7611022,0.872433678,16.2974,0.5837,31.88633299,0.972843236,13.8356,0.7624,13.3026,0.6731,12.371,0.6378,13.5543,0.5616,13.4804,0.5871
33.26360464,0.880844213,16.5269,0.5896,32.38633299,0.962584134,14.0304,0.7673,13.5526,0.6646,12.5453,0.6429,13.8051,0.5688,13.6702,0.5925
33.76108313,0.879046186,16.7565,0.5954,32.88800001,0.988774256,14.2253,0.772,13.8026,0.7227,12.7195,0.6479,14.0526,0.6095,13.8601,0.5978
34.26108313,0.889370835,16.986,0.6012,33.3871646,0.9933283,14.4202,0.7766,14.0526,0.6943,12.8937,0.6529,14.3034,0.585,14.05,0.6031
34.7611022,0.890079145,17.2156,0.6069,33.8871646,0.980002173,14.615,0.7812,14.3026,0.7104,13.068,0.6578,14.5526,0.5991,14.2398,0.6083
35.26210547,0.895934106,17.4451,0.6125,34.38635207,0.980166058,14.8099,0.7856,14.5526,0.7166,13.2422,0.6626,14.8026,0.5911,14.4297,0.6134
35.76210547,0.903119697,17.6746,0.6181,34.88635207,0.980239365,15.0048,0.7899,14.8026,0.6634,13.4165,0.6674,15.0517,0.6247,14.6196,0.6185
36.26210547,0.906358476,17.9042,0.6236,35.38801909,0.960219847,15.1996,0.7942,15.0526,0.6823,13.5907,0.6721,15.3026,0.6294,14.8094,0.6235
36.76210547,0.917307109,18.1337,0.629,35.88801909,0.978837703,15.3945,0.7983,15.3026,0.6991,13.7649,0.6767,15.5518,0.6101,14.9993,0.6285
37.26127005,0.919190156,18.3633,0.6344,36.38735152,0.978239803,15.5894,0.8024,15.5526,0.7424,13.9392,0.6812,15.8026,0.6328,15.1892,0.6333
37.76127005,0.92531668,18.5928,0.6397,36.88651991,0.972835805,15.7842,0.8064,15.8026,0.6981,14.1134,0.6857,16.0518,0.641,15.379,0.6382
38.26210547,0.936714959,18.8223,0.6449,37.38656569,0.978371956,15.9791,0.8103,16.0526,0.7121,14.2877,0.6901,16.3026,0.6436,15.5689,0.6429
38.76377249,0.928379734,19.0519,0.65,37.88739348,0.9616195,16.174,0.8141,16.3026,0.7237,14.4619,0.6944,16.5543,0.6498,15.7588,0.6476
39.26127005,0.935923987,19.2814,0.6551,38.38656569,0.974484097,16.3688,0.8178,16.5526,0.7376,14.6361,0.6987,16.8026,0.638,15.9486,0.6522
39.76210547,0.938279148,19.511,0.6602,38.88656569,0.963378657,16.5637,0.8215,16.8026,0.7161,14.8104,0.7029,17.0543,0.664,16.1385,0.6568
40.26210547,0.946152938,19.7405,0.6652,39.38739348,0.97899717,16.7586,0.8251,17.0526,0.7187,14.9846,0.707,17.3043,0.6545,16.3283,0.6613
40.76210547,0.948289517,19.97,0.6701,39.88656569,0.951233066,16.9534,0.8286,17.3026,0.7012,15.1589,0.7111,17.5526,0.6839,16.5182,0.6658
41.26377249,0.950176169,20.1996,0.6749,40.38658476,0.977652949,17.1483,0.832,17.5526,0.7432,15.3331,0.7151,17.8043,0.6804,16.7081,0.6702
41.76127005,0.95509897,20.4291,0.6797,40.88658476,0.966949188,17.3432,0.8354,17.8026,0.7445,15.5073,0.719,18.0526,0.6684,16.8979,0.6745
42.26295996,0.951820247,20.6587,0.6845,41.38831282,0.96995074,17.538,0.8387,18.0526,0.7306,15.6816,0.7229,18.3043,0.6931,17.0878,0.6788
42.76462698,0.961187076,20.8882,0.6892,41.88748122,0.980843893,17.7329,0.8419,18.3026,0.706,15.8558,0.7268,18.5527,0.6884,17.2777,0.6831
43.26212454,0.964582995,21.1178,0.6938,42.38748122,0.971510462,17.9278,0.845,18.5526,0.7378,16.0301,0.7305,18.8026,0.7169,17.4675,0.6872
43.76212454,0.97381973,21.3473,0.6983,42.88748122,0.970554063,18.1226,0.8481,18.8026,0.7407,16.2043,0.7342,19.0543,0.7307,17.6574,0.6914
44.26128912,0.961837827,21.5768,0.7029,43.38766814,0.960271664,18.3175,0.8511,19.0526,0.7654,16.3785,0.7379,19.3027,0.7156,17.8473,0.6955
44.76295996,0.966857713,21.8064,0.7073,43.88681364,0.970475133,18.5124,0.8541,19.3026,0.7824,16.5528,0.7415,19.5526,0.7088,18.0371,0.6995
45.26229239,0.971448203,22.0359,0.7117,44.38849974,0.965922093,18.7072,0.857,19.5526,0.7782,16.727,0.7451,19.8043,0.715,18.227,0.7034
45.76150275,0.983225254,22.2655,0.7161,44.88764525,0.961682765,18.9021,0.8598,19.8026,0.7372,16.9013,0.7486,20.0543,0.7216,18.4169,0.7074
46.26316595,0.98010173,22.495,0.7204,45.38681364,0.975239055,19.097,0.8626,20.0526,0.7697,17.0755,0.752,20.3043,0.7563,18.6067,0.7112
46.76233054,0.974801543,22.7245,0.7246,45.88681364,0.979021271,19.2919,0.8653,20.3026,0.7772,17.2497,0.7554,20.5543,0.7137,18.7966,0.7151
47.26150275,0.98283497,22.9541,0.7288,46.38683272,0.969083312,19.4867,0.868,20.5526,0.7664,17.424,0.7587,20.8043,0.7266,18.9865,0.7188
47.76150275,0.977711757,23.1836,0.7329,46.88683272,0.986469418,19.6816,0.8706,20.8026,0.7771,17.5982,0.762,21.0518,0.7329,19.1763,0.7226
48.2606864,0.992859485,23.4132,0.737,47.38764525,0.974120376,19.8765,0.8731,21.0526,0.7682,17.7725,0.7652,21.3035,0.7711,19.3662,0.7262
48.76235342,0.986850712,23.6427,0.7411,47.88764525,0.975010298,20.0713,0.8756,21.3026,0.8073,17.9467,0.7684,21.5551,0.7415,19.556,0.7299
49.26235342,0.985838663,23.8722,0.7451,48.38683272,0.99509288,20.2662,0.8781,21.5526,0.7736,18.1209,0.7716,21.8026,0.7751,19.7459,0.7335
49.76402045,0.9917111,24.1018,0.749,48.88683272,0.983348165,20.4611,0.8804,21.8026,0.7625,18.2952,0.7747,22.0526,0.7568,19.9358,0.737
50.26158285,0.989472581,24.3313,0.7529,49.38681364,0.969898521,20.6559,0.8828,22.0526,0.7998,18.4694,0.7777,22.3026,0.7864,20.1256,0.7405
50.76327277,0.989111422,24.5609,0.7567,49.8859973,1,20.8508,0.8851,22.3026,0.7832,18.6437,0.7807,22.5535,0.7866,20.3155,0.7439
51.26324988,0.987543349,24.7904,0.7605,,,21.0457,0.8873,22.5526,0.8232,18.8179,0.7837,22.8035,0.7613,20.5054,0.7473
51.76324988,0.998527627,25.0199,0.7643,,,21.2405,0.8895,22.8026,0.7906,18.9921,0.7866,23.0543,0.7987,20.6952,0.7507
52.26160193,0.993954751,25.2495,0.768,,,21.4354,0.8917,23.0526,0.7967,19.1664,0.7894,23.3026,0.7845,20.8851,0.754
52.76241827,0.983222619,25.479,0.7717,,,21.6303,0.8938,23.3026,0.7853,19.3406,0.7923,23.5518,0.8283,21.075,0.7573
53.26160193,0.993442832,25.7086,0.7753,,,21.8251,0.8958,23.5526,0.8284,19.5149,0.795,23.8026,0.8447,21.2648,0.7605
,,25.9381,0.7788,,,22.02,0.8978,23.8026,0.8428,19.6891,0.7978,24.0518,0.8271,21.4547,0.7637
,,26.1676,0.7824,,,22.2149,0.8998,24.0526,0.786,19.8633,0.8005,24.3035,0.8129,21.6446,0.7669
,,26.3972,0.7859,,,22.4097,0.9017,24.3026,0.8102,20.0376,0.8031,24.5543,0.8249,21.8344,0.77
,,26.6267,0.7893,,,22.6046,0.9036,24.5526,0.8717,20.2118,0.8057,24.8027,0.8194,22.0243,0.7731
,,26.8563,0.7927,,,22.7995,0.9055,24.8026,0.8456,20.3861,0.8083,25.0518,0.8486,22.2141,0.7761
,,27.0858,0.7961,,,22.9943,0.9073,25.0526,0.8632,20.5603,0.8108,25.3027,0.8448,22.404,0.7791
,,27.3154,0.7994,,,23.1892,0.9091,25.3026,0.826,20.7345,0.8133,25.5535,0.8176,22.5939,0.782
,,27.5449,0.8027,,,23.3841,0.9108,25.5526,0.894,20.9088,0.8158,25.8043,0.8472,22.7837,0.785
,,27.7744,0.8059,,,23.5789,0.9125,25.8026,0.8375,21.083,0.8182,26.0535,0.8471,22.9736,0.7878
,,28.004,0.8091,,,23.7738,0.9142,26.0526,0.8799,21.2573,0.8206,26.776,0.8597,23.1635,0.7907
,,28.2335,0.8123,,,23.9687,0.9158,26.7419,0.9062,21.4315,0.8229,26.9918,0.8612,23.3533,0.7935
,,28.4631,0.8154,,,24.1635,0.9174,26.9919,0.8531,21.6057,0.8252,27.241,0.8516,23.5432,0.7963
,,28.6926,0.8185,,,24.3584,0.9189,27.2419,0.8991,21.78,0.8275,27.4918,0.8667,23.7331,0.799
,,28.9221,0.8215,,,24.5533,0.9205,27.4919,0.8852,21.9542,0.8298,27.741,0.8636,23.9229,0.8017
,,29.1517,0.8245,,,24.7481,0.922,27.7419,0.8616,22.1285,0.832,27.9918,0.8869,24.1128,0.8044
,,29.3812,0.8275,,,24.943,0.9234,27.9919,0.89,22.3027,0.8341,28.241,0.8657,24.3027,0.807
,,29.6108,0.8304,,,25.1379,0.9249,28.2419,0.8877,22.4769,0.8363,28.4918,0.9046,24.4925,0.8096
,,29.8403,0.8333,,,25.3327,0.9263,28.4919,0.8952,22.6512,0.8384,28.7418,0.8834,24.6824,0.8122
,,30.0698,0.8362,,,25.5276,0.9276,28.7419,0.8889,22.8254,0.8405,28.9927,0.8805,24.8723,0.8147
,,30.2994,0.839,,,25.7225,0.929,28.9919,0.8859,22.9997,0.8425,29.2418,0.8934,25.0621,0.8172
,,30.5289,0.8418,,,25.9173,0.9303,29.2419,0.9056,23.1739,0.8445,29.4918,0.868,25.252,0.8197
,,30.7585,0.8446,,,26.1122,0.9316,29.4919,0.9054,23.3481,0.8465,29.741,0.8811,25.4418,0.8221
,,30.988,0.8473,,,26.3071,0.9328,29.7419,0.9365,23.5224,0.8485,29.9918,0.8939,25.6317,0.8245
,,31.2175,0.85,,,26.5019,0.9341,29.9919,0.8985,23.6966,0.8504,30.241,0.8966,25.8216,0.8269
,,31.4471,0.8527,,,26.6968,0.9353,30.2419,0.9001,23.8709,0.8523,30.4918,0.9053,26.0114,0.8292
,,31.6766,0.8553,,,26.8917,0.9365,30.4919,0.9054,24.0451,0.8541,30.741,0.8965,26.2013,0.8315
,,31.9062,0.8579,,,27.0865,0.9376,30.7419,0.935,24.2193,0.856,30.9918,0.8804,26.3912,0.8338
,,32.1357,0.8605,,,27.2814,0.9388,30.9919,0.9062,24.3936,0.8578,31.2427,0.8938,26.581,0.8361
,,32.3652,0.863,,,27.4763,0.9399,31.2419,0.9227,24.5678,0.8596,31.4935,0.8801,26.7709,0.8383
,,32.5948,0.8655,,,27.6711,0.941,31.4919,0.9214,24.7421,0.8613,31.7427,0.899,26.9608,0.8405
,,32.8243,0.868,,,27.866,0.942,31.7419,0.927,24.9163,0.8631,31.9935,0.8773,27.1506,0.8427
,,33.0539,0.8704,,,28.0609,0.9431,31.9919,0.9141,25.0905,0.8648,32.2427,0.9216,27.3405,0.8448
,,33.2834,0.8728,,,28.2557,0.9441,32.2419,0.9329,25.2648,0.8664,32.4935,0.901,27.5304,0.8469
,,33.513,0.8752,,,28.4506,0.9451,32.4919,0.9044,25.439,0.8681,32.7427,0.8883,27.7202,0.849
,,33.7425,0.8776,,,28.6455,0.9461,32.7419,0.9438,25.6133,0.8697,32.9935,0.9192,27.9101,0.8511
,,33.972,0.8799,,,28.8403,0.947,32.9919,0.9374,25.7875,0.8713,33.2427,0.8974,28.0999,0.8531
,,34.2016,0.8822,,,29.0352,0.9479,33.2419,0.948,25.9617,0.8729,33.4935,0.9088,28.2898,0.8551
,,34.4311,0.8844,,,29.2301,0.9489,33.4919,0.9014,26.136,0.8744,33.7427,0.9071,28.4797,0.8571
,,34.6607,0.8867,,,29.4249,0.9498,33.7419,0.9509,26.3102,0.876,33.9935,0.9165,28.6695,0.8591
,,34.8902,0.8889,,,29.6198,0.9506,33.9919,1,26.4845,0.8775,34.2427,0.8834,28.8594,0.861
,,35.1197,0.8911,,,29.8147,0.9515,34.2419,0.9521,26.6587,0.8789,34.4927,0.9222,29.0493,0.8629
,,35.3493,0.8932,,,30.0095,0.9523,34.4919,0.9532,26.8329,0.8804,34.7419,0.9006,29.2391,0.8648
,,35.5788,0.8954,,,30.2044,0.9532,34.7419,0.9897,27.0072,0.8818,34.9911,0.9221,29.429,0.8667
,,35.8084,0.8975,,,30.3993,0.954,34.9919,0.9602,27.1814,0.8833,35.2419,0.9162,29.6189,0.8685
,,36.0379,0.8996,,,30.5941,0.9548,35.2419,0.9323,27.3557,0.8847,35.4944,0.9255,29.8087,0.8703
,,36.2674,0.9016,,,30.789,0.9555,35.4919,0.9622,27.5299,0.886,35.7436,0.8905,29.9986,0.8721
,,36.497,0.9037,,,30.9839,0.9563,35.7419,0.9333,27.7041,0.8874,35.9944,0.857,30.1885,0.8739
,,36.7265,0.9057,,,31.1787,0.957,35.9919,0.959,27.8784,0.8887,36.2436,0.857,30.3783,0.8756
,,36.9561,0.9076,,,31.3736,0.9577,36.2419,0.9515,28.0526,0.89,36.4944,0.9441,30.5682,0.8773
,,37.1856,0.9096,,,31.5685,0.9585,36.4919,0.9428,28.2269,0.8913,36.7436,0.9142,30.7581,0.879
,,37.4151,0.9115,,,31.7633,0.9591,36.7419,0.9334,28.4011,0.8926,36.9919,0.9162,30.9479,0.8807
,,37.6447,0.9134,,,31.9582,0.9598,36.9919,0.9535,28.5753,0.8938,37.2427,0.9172,31.1378,0.8824
,,37.8742,0.9153,,,32.1531,0.9605,37.2419,0.9697,28.7496,0.8951,37.4936,0.9329,31.3276,0.884
,,38.1038,0.9172,,,32.348,0.9611,37.4919,0.9448,28.9238,0.8963,37.7427,0.9318,31.5175,0.8856
,,38.3333,0.919,,,32.5428,0.9618,37.7419,0.9286,29.0981,0.8975,37.9936,0.9247,31.7074,0.8872
,,38.5628,0.9209,,,32.7377,0.9624,37.9919,0.9397,29.2723,0.8987,38.2427,0.9053,31.8972,0.8888
,,38.7924,0.9227,,,32.9326,0.963,38.2419,0.9248,29.4465,0.8998,38.4919,0.9005,32.0871,0.8903
,,39.0219,0.9244,,,33.1274,0.9636,38.4919,0.9745,29.6208,0.901,38.7411,0.9146,32.277,0.8919
,,39.2515,0.9262,,,33.3223,0.9642,38.7419,0.9528,29.795,0.9021,38.9911,0.9201,32.4668,0.8934
,,39.481,0.9279,,,33.5172,0.9648,38.9919,0.9502,29.9693,0.9032,39.2436,0.9177,32.6567,0.8949
,,39.7106,0.9296,,,33.712,0.9653,39.2419,0.9516,30.1435,0.9043,39.4936,0.9337,32.8466,0.8964
,,39.9401,0.9313,,,33.9069,0.9659,39.4919,0.9696,30.3177,0.9054,39.7428,0.9351,33.0364,0.8978
,,40.1696,0.933,,,34.1018,0.9664,39.7419,0.9601,30.492,0.9064,39.9937,0.9289,33.2263,0.8992
,,40.3992,0.9346,,,34.2966,0.9669,39.9919,0.9377,30.6662,0.9075,40.2428,0.9113,33.4162,0.9007
,,40.6287,0.9363,,,34.4915,0.9675,40.2419,0.9546,30.8405,0.9085,40.4912,0.9281,33.606,0.9021
,,40.8583,0.9379,,,34.6864,0.968,40.4919,0.981,31.0147,0.9095,40.7428,0.9446,33.7959,0.9035
,,41.0878,0.9395,,,34.8812,0.9685,40.7419,0.9235,31.1889,0.9105,41.4395,0.9339,33.9857,0.9048
,,41.3173,0.941,,,35.0761,0.9689,41.4062,0.9984,31.3632,0.9115,41.6587,0.9446,34.1756,0.9062
,,41.5469,0.9426,,,35.271,0.9694,41.6562,0.9626,31.5374,0.9124,42.1387,0.9412,34.3655,0.9075
,,41.7764,0.9441,,,35.4658,0.9699,42.1054,0.9568,31.7117,0.9134,42.357,0.9467,34.5553,0.9088
,,42.006,0.9456,,,35.6607,0.9703,42.3554,0.9654,31.8859,0.9143,42.607,0.9502,34.7452,0.9101
,,42.2355,0.9471,,,35.8556,0.9708,42.6054,0.9553,32.0601,0.9152,42.8578,0.9674,34.9351,0.9114
,,42.465,0.9486,,,36.0504,0.9712,42.8554,0.9505,32.2344,0.9161,43.1078,0.962,35.1249,0.9127
,,42.6946,0.9501,,,36.2453,0.9716,43.1054,0.9394,32.4086,0.917,43.3553,0.9522,35.3148,0.9139
,,42.9241,0.9515,,,36.4402,0.9721,43.3554,0.947,32.5829,0.9179,43.607,0.9559,35.5047,0.9151
,,43.1537,0.9529,,,36.635,0.9725,43.6054,0.9586,32.7571,0.9188,43.8553,0.9642,35.6945,0.9164
,,43.3832,0.9543,,,36.8299,0.9729,43.8554,0.9596,32.9313,0.9196,44.1053,0.9637,35.8844,0.9176
,,43.6127,0.9557,,,37.0248,0.9733,44.1054,0.935,33.1056,0.9205,44.3553,0.9448,36.0743,0.9187
,,43.8423,0.9571,,,37.2196,0.9736,44.3554,0.9679,33.2798,0.9213,44.6053,0.9806,36.2641,0.9199
,,44.0718,0.9584,,,37.4145,0.974,44.6054,0.9148,33.4541,0.9221,44.8553,0.9765,36.454,0.9211
,,44.3014,0.9598,,,37.6094,0.9744,,,33.6283,0.9229,45.1053,0.9655,36.6438,0.9222
,,44.5309,0.9611,,,37.8042,0.9747,,,33.8025,0.9237,45.3561,0.9777,36.8337,0.9233
,,44.7605,0.9624,,,37.9991,0.9751,,,33.9768,0.9245,45.6078,0.9575,37.0236,0.9244
,,44.99,0.9637,,,38.194,0.9754,,,34.151,0.9253,45.8553,0.966,37.2134,0.9255
,,45.2195,0.965,,,38.3888,0.9758,,,34.3252,0.926,46.1053,1,37.4033,0.9266
,,45.4491,0.9662,,,38.5837,0.9761,,,34.4995,0.9268,46.3553,0.9624,37.5932,0.9277
,,45.6786,0.9675,,,38.7786,0.9764,,,34.6737,0.9275,46.6061,0.9676,37.783,0.9288
,,45.9082,0.9687,,,38.9734,0.9767,,,34.848,0.9282,46.8553,0.9577,37.9729,0.9298
,,46.1377,0.9699,,,39.1683,0.977,,,35.0222,0.9289,47.107,0.9501,38.1628,0.9308
,,46.3672,0.9711,,,39.3632,0.9773,,,35.1964,0.9296,47.357,0.9757,38.3526,0.9318
,,46.5968,0.9723,,,39.558,0.9776,,,35.3707,0.9303,47.6045,0.9756,38.5425,0.9328
,,46.8263,0.9735,,,39.7529,0.9779,,,35.5449,0.931,47.8562,0.9795,38.7324,0.9338
,,47.0559,0.9746,,,39.9478,0.9782,,,35.7192,0.9317,48.1053,0.9619,38.9222,0.9348
,,47.2854,0.9758,,,40.1426,0.9785,,,35.8934,0.9323,48.3545,0.9522,39.1121,0.9358
,,47.5149,0.9769,,,40.3375,0.9788,,,36.0676,0.933,48.6053,0.9562,39.302,0.9367
,,47.7445,0.978,,,40.5324,0.979,,,36.2419,0.9336,,,39.4918,0.9377
,,47.974,0.9791,,,40.7272,0.9793,,,36.4161,0.9342,,,39.6817,0.9386
,,48.2036,0.9802,,,40.9221,0.9795,,,36.5904,0.9349,,,39.8715,0.9395
,,48.4331,0.9813,,,41.117,0.9798,,,36.7646,0.9355,,,40.0614,0.9404
,,48.6626,0.9823,,,41.3118,0.98,,,36.9388,0.9361,,,40.2513,0.9413
,,48.8922,0.9834,,,41.5067,0.9803,,,37.1131,0.9367,,,40.4411,0.9422
,,49.1217,0.9844,,,41.7016,0.9805,,,37.2873,0.9372,,,40.631,0.9431
,,49.3513,0.9854,,,41.8964,0.9807,,,37.4616,0.9378,,,40.8209,0.9439
,,49.5808,0.9864,,,42.0913,0.981,,,37.6358,0.9384,,,41.0107,0.9448
,,49.8103,0.9874,,,42.2862,0.9812,,,37.81,0.9389,,,41.2006,0.9456
,,50.0399,0.9884,,,42.481,0.9814,,,37.9843,0.9395,,,41.3905,0.9465
,,,,,,42.6759,0.9816,,,38.1585,0.94,,,41.5803,0.9473
,,,,,,42.8708,0.9818,,,38.3328,0.9405,,,41.7702,0.9481
,,,,,,43.0656,0.982,,,38.507,0.9411,,,41.9601,0.9489
,,,,,,43.2605,0.9822,,,38.6812,0.9416,,,42.1499,0.9497
,,,,,,43.4554,0.9824,,,38.8555,0.9421,,,42.3398,0.9504
,,,,,,43.6502,0.9826,,,39.0297,0.9426,,,42.5296,0.9512
,,,,,,43.8451,0.9828,,,39.204,0.9431,,,42.7195,0.952
,,,,,,44.04,0.983,,,39.3782,0.9436,,,42.9094,0.9527
,,,,,,44.2348,0.9831,,,39.5524,0.944,,,43.0992,0.9534
,,,,,,44.4297,0.9833,,,39.7267,0.9445,,,43.2891,0.9542
,,,,,,44.6246,0.9835,,,39.9009,0.945,,,43.479,0.9549
,,,,,,44.8195,0.9837,,,40.0752,0.9454,,,43.6688,0.9556
,,,,,,45.0143,0.9838,,,40.2494,0.9459,,,43.8587,0.9563
,,,,,,45.2092,0.984,,,40.4236,0.9463,,,44.0486,0.957
,,,,,,45.4041,0.9841,,,40.5979,0.9468,,,44.2384,0.9577
,,,,,,45.5989,0.9843,,,40.7721,0.9472,,,44.4283,0.9583
,,,,,,45.7938,0.9844,,,40.9464,0.9476,,,44.6182,0.959
,,,,,,45.9887,0.9846,,,41.1206,0.948,,,44.808,0.9597
,,,,,,46.1835,0.9847,,,41.2948,0.9484,,,44.9979,0.9603
,,,,,,46.3784,0.9849,,,41.4691,0.9488,,,45.1878,0.9609
,,,,,,46.5733,0.985,,,41.6433,0.9492,,,45.3776,0.9616
,,,,,,46.7681,0.9851,,,41.8176,0.9496,,,45.5675,0.9622
,,,,,,46.963,0.9853,,,41.9918,0.95,,,45.7573,0.9628
,,,,,,47.1579,0.9854,,,42.166,0.9504,,,45.9472,0.9634
,,,,,,47.3527,0.9855,,,42.3403,0.9508,,,46.1371,0.964
,,,,,,47.5476,0.9856,,,42.5145,0.9511,,,46.3269,0.9646
,,,,,,47.7425,0.9858,,,42.6888,0.9515,,,46.5168,0.9652
,,,,,,47.9373,0.9859,,,42.863,0.9518,,,46.7067,0.9658
,,,,,,48.1322,0.986,,,43.0372,0.9522,,,46.8965,0.9664
,,,,,,48.3271,0.9861,,,43.2115,0.9525,,,47.0864,0.9669
,,,,,,48.5219,0.9862,,,43.3857,0.9529,,,47.2763,0.9675
,,,,,,48.7168,0.9863,,,43.56,0.9532,,,47.4661,0.968
,,,,,,48.9117,0.9864,,,43.7342,0.9536,,,47.656,0.9686
,,,,,,49.1065,0.9865,,,43.9084,0.9539,,,47.8459,0.9691
,,,,,,49.3014,0.9866,,,44.0827,0.9542,,,48.0357,0.9696
,,,,,,49.4963,0.9867,,,44.2569,0.9545,,,48.2256,0.9701
,,,,,,49.6911,0.9868,,,44.4312,0.9548,,,48.4154,0.9707
,,,,,,49.886,0.9869,,,44.6054,0.9551,,,48.6053,0.9712
,,,,,,,,,,43.5528,0.9544,,,,
